{"cameraMode":{"drawMode":0,"name":"Shaded","section":"Shading Mode"},"sceneLighting":false,"audioPlay":false,"sceneViewState":{"showFog":true,"showMaterialUpdate":false,"showSkybox":false,"showFlares":true,"showImageEffects":true,"showParticleSystems":true},"in2DMode":false,"pivot":{"x":-5.526268482208252,"y":2.178140640258789,"z":20.92336082458496},"rotation":{"x":0.010807734914124012,"y":-0.02549886703491211,"z":0.0002866882423404604,"w":0.9995954632759094},"size":0.9246112704277039,"orthographic":false}